{
  "sidn": 2.0897163910652496,
  "citrix": 1.9966854134910497,
  "ai": 1.6787547338019193,
  "ncsc": 1.5872204061700994,
  "gebruikers": 1.5055142771766623,
  "ict": 1.4430209071188584,
  "powerschool": 1.285923251780385,
  "klanten": 1.2634785656415506,
  "salesforce": 1.2564757206488906,
  "google": 1.2459115215762355,
  "windows": 1.2131519240602546,
  "media": 1.1913508502695116,
  "britse": 1.1871219142052527,
  "procent": 1.177984386628544,
  "politie": 1.1035524622986301,
  "rechtspraak": 1.09789635405836,
  "ap": 1.0893572407880048,
  "ers": 1.0860969680786967,
  "dna": 1.071823743033136,
  "contant": 0.9837982483591657
}