{
  "steekincident": 7.687230555157005,
  "vuurwerk": 6.928538145811499,
  "west": 5.344145423520108,
  "explosie": 4.902553102364223,
  "auto": 4.805595920346182,
  "jongen": 4.597775142019402,
  "schietincident": 4.350771857603594,
  "ai": 4.126502932881719,
  "overval": 3.5179818216972554,
  "gebruikers": 3.481619548447013,
  "slachtoffers": 3.4489232559004823,
  "klanten": 3.428589413323684,
  "ap": 3.427965881137438,
  "uitzending": 3.4176169367242832,
  "explosies": 3.39257490573782,
  "dna": 3.2421532724746527,
  "haag": 3.240775127963703,
  "digitale": 3.044522256838301,
  "we": 3.014650123296157,
  "vrouw": 2.9405108194062493
}