{
  "vuurwerk": 0.6851314592101235,
  "klm": 0.6770512947587393,
  "nebu": 0.6740351452811619,
  "experian": 0.5971703059787151,
  "klanten": 0.5644177149557049,
  "dpg": 0.506373232471159,
  "ict": 0.4973150274565165,
  "vapes": 0.4445676980891239,
  "media": 0.4284696582448268,
  "dna": 0.4250404373102433,
  "epd": 0.4212905925310296,
  "mailadressen": 0.399317211708668,
  "salesforce": 0.39005233456800853,
  "ap": 0.38300329917367515,
  "mfa": 0.37446396960064543,
  "medewerkers": 0.37268228448780616,
  "gebruikers": 0.37191038264646287,
  "verdachte": 0.3704730817409366,
  "blauw": 0.3594854108166196,
  "gemeente": 0.35777499310829397
}