{
  "ongeval": 0.7479507082350441,
  "lachgas": 0.7152406600389576,
  "ontvoering": 0.6815300419262381,
  "jongen": 0.6598243285431246,
  "assen": 0.6453487022017064,
  "1x": 0.6415545448717908,
  "explosies": 0.6305031961167767,
  "veroordeelde": 0.6043292358095151,
  "bestuurder": 0.5911945876889202,
  "oktober": 0.5858989915143448,
  "jarige": 0.5567281059037157,
  "overval": 0.5309589811437729,
  "afluisteren": 0.5153841000190718,
  "journalisten": 0.5153841000190718,
  "klm": 0.5073146959506323,
  "auto": 0.4966913882174968,
  "discriminatie": 0.47975678391030024,
  "ongeregeldheden": 0.4793084610406858,
  "slachtofferhulp": 0.4791955575153727,
  "donkere": 0.47819503340969544
}